group,vocab_size,type_token_ratio,mean_unique_tokens_per_instruction,distinct_1,distinct_2,unique_instruction_ratio
initial,1219,0.038885,11.5035,0.038885,0.124093,0.844
intern1,1033,0.067275,11.15,0.067275,0.207175,0.967
intern2,791,0.052067,11.553,0.052067,0.141629,0.842
llava1,950,0.063844,10.762,0.063844,0.19085,0.945
llava2,729,0.050741,10.857,0.050741,0.135558,0.77
qwen1,928,0.060936,11.008,0.060936,0.189613,0.951
qwen2,920,0.05947,11.619,0.05947,0.177194,0.91
