group,self_bleu_mean,self_bleu_median,self_bleu_std
initial,0.903172,0.935347,0.096217
intern1,0.903625,0.917423,0.085899
intern2,0.932419,1.0,0.100818
llava1,0.904896,0.922958,0.087296
llava2,0.929123,0.981307,0.095009
qwen1,0.910236,0.923729,0.081135
qwen2,0.908153,0.933257,0.095727
