group,mean_pairwise_cosine_sim,median_pairwise_cosine_sim,mean_centroid_distance,semantic_spread
initial,0.41815,0.396889,0.352455,0.065356
intern1,0.416876,0.399284,0.353438,0.07279
intern2,0.465678,0.409032,0.316811,0.113409
llava1,0.419876,0.400831,0.351127,0.067022
llava2,0.565204,0.473173,0.247621,0.176507
qwen1,0.421047,0.398409,0.350227,0.061756
qwen2,0.437264,0.3994,0.33789,0.100384
