group,topic_count_used,topic_entropy,effective_topic_count,top5_topic_share,outlier_ratio
initial,77,3.88866,48.845413,0.21971,0.1375
intern1,86,4.195588,66.392764,0.185053,0.157
intern2,86,4.033915,56.481586,0.241798,0.177
llava1,86,4.192891,66.213939,0.179335,0.158
llava2,82,3.846671,46.836864,0.284524,0.16
qwen1,86,4.210974,67.422171,0.160142,0.157
qwen2,85,4.133904,62.421152,0.210778,0.165
